% Model,optical_fiber.mph
% Version,COMSOL 6.3.0.420
% Date,"Oct 14 2025, 13:26"
% Table,Accumulated Table - 
% wv0 (m),D_core (m),Effective_mode_index (1),"Frequency (Hz), Frequency","Initialization of wavelength (m), Wavelength","Silica RI (1), Silica RI",Effective modal area,Nonlinear coefficient
5.000000000000001E-7,1.0E-6,1.4208313636247183+1.407459313001843E-10i,5.995849159999999E14,5.000000000000001E-7,1.4623253956147793,4.708596823242029E-13,0.6938917223929498
5.000000000000001E-7,2.0E-6,1.4509924096174032-7.689142633310895E-15i,5.995849159999999E14,5.000000000000001E-7,1.4623253956147793,1.6764937169851352E-12,0.19488628717374148
5.000000000000001E-7,3.0E-6,1.457123133192077+3.801067130201555E-11i,5.995849159999999E14,5.000000000000001E-7,1.4623253956147793,3.6265622838487545E-12,0.09009238237226547
5.000000000000001E-7,4.0E-6,1.4593502814698962-4.775691925476463E-13i,5.995849159999999E14,5.000000000000001E-7,1.4623253956147793,6.32545832503756E-12,0.05165248416546927
5.000000000000001E-7,4.9999999999999996E-6,1.460402000599212+8.974698038929074E-11i,5.995849159999999E14,5.000000000000001E-7,1.4623253956147793,9.770522286168931E-12,0.03343993559442041
5.000000000000001E-7,5.999999999999999E-6,1.46098020126337-2.3484463672147224E-11i,5.995849159999999E14,5.000000000000001E-7,1.4623253956147793,1.3962507411802833E-11,0.023400212178018222
5.000000000000001E-7,7.0E-6,1.4613324436369668+2.3324291370552895E-10i,5.995849159999999E14,5.000000000000001E-7,1.4623253956147793,1.8905551012732636E-11,0.017281994888871156
5.000000000000001E-7,8.0E-6,1.461562889215419+6.0463506197540185E-12i,5.995849159999999E14,5.000000000000001E-7,1.4623253956147793,2.4612193363508157E-11,0.013274949987097277
5.565217391304349E-7,1.0E-6,1.4091555456768314+1.2989502796266705E-10i,5.386895729687499E14,5.565217391304349E-7,1.4596397373812102,4.835657662481959E-13,0.6070375201439135
5.565217391304349E-7,2.0E-6,1.445728975767816-2.2252176023296324E-15i,5.386895729687499E14,5.565217391304349E-7,1.4596397373812102,1.6998618139045943E-12,0.17268613317192347
5.565217391304349E-7,3.0E-6,1.4532332912595733+8.172423905047391E-12i,5.386895729687499E14,5.565217391304349E-7,1.4596397373812102,3.660203953801675E-12,0.08019841715784931
5.565217391304349E-7,4.0E-6,1.455969246928945-3.137367490644751E-10i,5.386895729687499E14,5.565217391304349E-7,1.4596397373812102,6.3687943195748415E-12,0.046090758916107075
5.565217391304349E-7,4.9999999999999996E-6,1.4572640710580065-7.516811537311973E-12i,5.386895729687499E14,5.565217391304349E-7,1.4596397373812102,9.823414298969475E-12,0.029881928485963407
5.565217391304349E-7,5.999999999999999E-6,1.4579767652504103+1.1858321024946541E-11i,5.386895729687499E14,5.565217391304349E-7,1.4596397373812102,1.4023308205152911E-11,0.020932476080211444
5.565217391304349E-7,7.0E-6,1.4584114830462147+4.1743562927485966E-11i,5.386895729687499E14,5.565217391304349E-7,1.4596397373812102,1.8974648082673996E-11,0.015470250741452952
5.565217391304349E-7,8.0E-6,1.4586959997080673-2.640622101783529E-12i,5.386895729687499E14,5.565217391304349E-7,1.4596397373812102,2.4686281786889194E-11,0.011890918450331215
6.130434782608697E-7,1.0E-6,1.3974620539922613+7.074295626546004E-11i,4.890231584397162E14,6.130434782608697E-7,1.4576151828825883,4.963562727030989E-13,0.5368691205006462
6.130434782608697E-7,2.0E-6,1.4408947574929138-5.372148753211085E-16i,4.890231584397162E14,6.130434782608697E-7,1.4576151828825883,1.7234499970153099E-12,0.15461913954137443
6.130434782608697E-7,3.0E-6,1.44989026454329+3.9938282520187236E-14i,4.890231584397162E14,6.130434782608697E-7,1.4576151828825883,3.6940961670523776E-12,0.07213628003456177
6.130434782608697E-7,4.0E-6,1.4531814653335275+7.96622395948004E-11i,4.890231584397162E14,6.130434782608697E-7,1.4576151828825883,6.412540623907897E-12,0.041555815582295014
6.130434782608697E-7,4.9999999999999996E-6,1.4547423457147315-2.860062512098225E-11i,4.890231584397162E14,6.130434782608697E-7,1.4576151828825883,9.87689279874097E-12,0.02697997852270505
6.130434782608697E-7,5.999999999999999E-6,1.4556025162428818-1.0641936319533042E-9i,4.890231584397162E14,6.130434782608697E-7,1.4576151828825883,1.40853349904927E-11,0.018918851114365316
6.130434782608697E-7,7.0E-6,1.4561277771691843-3.5855893601861067E-11i,4.890231584397162E14,6.130434782608697E-7,1.4576151828825883,1.904534618430827E-11,0.013991783242073428
6.130434782608697E-7,8.0E-6,1.4564717018371656+3.945929963613935E-10i,4.890231584397162E14,6.130434782608697E-7,1.4576151828825883,2.4762824058722714E-11,0.010761226383112167
6.695652173913045E-7,1.0E-6,1.3855681578970245+6.205167615791968E-11i,4.477419827272726E14,6.695652173913045E-7,1.4560227787941218,5.091969809192424E-13,0.47915333083898454
6.695652173913045E-7,2.0E-6,1.436267698505968-1.0560927275290812E-9i,4.477419827272726E14,6.695652173913045E-7,1.4560227787941218,1.747270132849119E-12,0.1396369255524145
6.695652173913045E-7,3.0E-6,1.4468674172300005-1.6395473795620314E-13i,4.477419827272726E14,6.695652173913045E-7,1.4560227787941218,3.7282518478597035E-12,0.0654417779208437
6.695652173913045E-7,4.0E-6,1.4507590409220805+9.308505608427891E-12i,4.477419827272726E14,6.695652173913045E-7,1.4560227787941218,6.456659206475145E-12,0.037787874759740755
6.695652173913045E-7,4.9999999999999996E-6,1.4526084387509994-8.580720488153793E-12i,4.477419827272726E14,6.695652173913045E-7,1.4560227787941218,9.930865712956347E-12,0.02456819339952365
6.695652173913045E-7,5.999999999999999E-6,1.4536288541485691-2.239689186501229E-10i,4.477419827272726E14,6.695652173913045E-7,1.4560227787941218,1.4148356190569334E-11,0.01724464850716993
6.695652173913045E-7,7.0E-6,1.4542525994028357-2.6993415598754446E-11i,4.477419827272726E14,6.695652173913045E-7,1.4560227787941218,1.911734518897471E-11,0.012762411676351332
6.695652173913045E-7,8.0E-6,1.4546612006549697+7.419571540366757E-11i,4.477419827272726E14,6.695652173913045E-7,1.4560227787941218,2.4841443221463764E-11,0.009821628610120396
7.260869565217392E-7,1.0E-6,1.3733804926718307+2.14081799700847E-11i,4.128878164071856E14,7.260869565217392E-7,1.454722586478322,5.22047570482429E-13,0.43097740537107365
7.260869565217392E-7,2.0E-6,1.4317145538092424-5.035043924502695E-10i,4.128878164071856E14,7.260869565217392E-7,1.454722586478322,1.7713255697497194E-12,0.12701826883161865
7.260869565217392E-7,3.0E-6,1.4440270661001946-5.1902665183703066E-14i,4.128878164071856E14,7.260869565217392E-7,1.454722586478322,3.762682073681213E-12,0.059795301064772315
7.260869565217392E-7,4.0E-6,1.4485630647334358-1.5788102079121012E-11i,4.128878164071856E14,7.260869565217392E-7,1.454722586478322,6.501132467984929E-12,0.034607925390655415
7.260869565217392E-7,4.9999999999999996E-6,1.450722964822639-1.0736762480520048E-12i,4.128878164071856E14,7.260869565217392E-7,1.454722586478322,9.985278540846734E-12,0.02253224148794863
7.260869565217392E-7,5.999999999999999E-6,1.4519161766651636+7.84443720081642E-11i,4.128878164071856E14,7.260869565217392E-7,1.454722586478322,1.4212193773785205E-11,0.01583082182722499
7.260869565217392E-7,7.0E-6,1.4526462302340108+8.228068902751997E-14i,4.128878164071856E14,7.260869565217392E-7,1.454722586478322,1.9190399754642425E-11,0.01172412822470577
7.260869565217392E-7,8.0E-6,1.453124711164815-1.6638032254331021E-13i,4.128878164071856E14,7.260869565217392E-7,1.454722586478322,2.492176095592633E-11,0.00902788160935665
7.82608695652174E-7,1.0E-6,1.3608568671736072+1.0656557229987868E-11i,3.8306814077777775E14,7.82608695652174E-7,1.453624972580122,5.348634436061646E-13,0.3902704158114499
7.82608695652174E-7,2.0E-6,1.4271522154506822-3.325723989691644E-10i,3.8306814077777775E14,7.82608695652174E-7,1.453624972580122,1.7956147562864157E-12,0.11625064775599663
7.82608695652174E-7,3.0E-6,1.4412817743184008-1.6585601752808187E-14i,3.8306814077777775E14,7.82608695652174E-7,1.453624972580122,3.7973955909740174E-12,0.054969616290353476
7.82608695652174E-7,4.0E-6,1.4465049069929878-1.474636688276173E-11i,3.8306814077777775E14,7.82608695652174E-7,1.453624972580122,6.545952510922877E-12,0.031888617919272465
7.82608695652174E-7,4.9999999999999996E-6,1.4489968301927554-3.4543552531965177E-10i,3.8306814077777775E14,7.82608695652174E-7,1.453624972580122,1.0040098743051572E-11,0.020790769481523776
7.82608695652174E-7,5.999999999999999E-6,1.450375180568895+7.244654014095435E-12i,3.8306814077777775E14,7.82608695652174E-7,1.453624972580122,1.4276724455404487E-11,0.014621097380604155
7.82608695652174E-7,7.0E-6,1.4512192488624107-5.669212191046324E-10i,3.8306814077777775E14,7.82608695652174E-7,1.453624972580122,1.9264334211962548E-11,0.010835639386327712
7.82608695652174E-7,8.0E-6,1.451772749046081+1.9289217432799355E-12i,3.8306814077777775E14,7.82608695652174E-7,1.453624972580122,2.5003505886252587E-11,0.008348484388075028
8.391304347826088E-7,1.0E-6,1.347986412200454-4.866918714561564E-11i,3.57265623523316E14,8.391304347826088E-7,1.4526702712472443,5.475970468868132E-13,0.35551886106126035
8.391304347826088E-7,2.0E-6,1.422527389998643-2.9430120711561766E-10i,3.57265623523316E14,8.391304347826088E-7,1.4526702712472443,1.820131625726437E-12,0.10695988997609433
8.391304347826088E-7,3.0E-6,1.4385740179317876-6.269880502086848E-15i,3.57265623523316E14,8.391304347826088E-7,1.4526702712472443,3.8323987710836575E-12,0.05079875296345034
8.391304347826088E-7,4.0E-6,1.4445258811046384-4.0977954891514394E-12i,3.57265623523316E14,8.391304347826088E-7,1.4526702712472443,6.591116945094066E-12,0.02953688730627294
8.391304347826088E-7,4.9999999999999996E-6,1.4473708968965486+1.3772224104990015E-10i,3.57265623523316E14,8.391304347826088E-7,1.4526702712472443,1.0095314992278477E-11,0.01928429955663727
8.391304347826088E-7,5.999999999999999E-6,1.4489465195680118-3.861879272695169E-13i,3.57265623523316E14,8.391304347826088E-7,1.4526702712472443,1.4341863497922573E-11,0.013574322364587353
8.391304347826088E-7,7.0E-6,1.4499121955169256-4.0824027561819565E-11i,3.57265623523316E14,8.391304347826088E-7,1.4526702712472443,1.933901617076223E-11,0.010066751933536244
8.391304347826088E-7,8.0E-6,1.4505457917316242+7.924215008740242E-10i,3.57265623523316E14,8.391304347826088E-7,1.4526702712472443,2.5086451298638048E-11,0.007760407245813948
8.956521739130435E-7,1.0E-6,1.334778700316022-1.2592756130465804E-10i,3.347197346601942E14,8.956521739130435E-7,1.4518174589980242,5.60198983131545E-13,0.3255903434274437
8.956521739130435E-7,2.0E-6,1.417805302012359-2.558498180377391E-10i,3.347197346601942E14,8.956521739130435E-7,1.4518174589980242,1.8448668894237545E-12,0.09886641705758827
8.956521739130435E-7,3.0E-6,1.4358648653766632-2.0542369210450472E-15i,3.347197346601942E14,8.956521739130435E-7,1.4518174589980242,3.867695755947719E-12,0.04715866779981801
8.956521739130435E-7,4.0E-6,1.4425859202236384-5.794517280259788E-13i,3.347197346601942E14,8.956521739130435E-7,1.4518174589980242,6.636626397081212E-12,0.027483147067872006
8.956521739130435E-7,4.9999999999999996E-6,1.4458046562801419+1.1897381147472109E-10i,3.347197346601942E14,8.956521739130435E-7,1.4518174589980242,1.0150916924228672E-11,0.01796836489422496
8.956521739130435E-7,5.999999999999999E-6,1.4475894811804388-5.63388138269916E-13i,3.347197346601942E14,8.956521739130435E-7,1.4518174589980242,1.4407550507056876E-11,0.012659707784204296
8.956521739130435E-7,7.0E-6,1.4486842474893493+4.682936261930445E-11i,3.347197346601942E14,8.956521739130435E-7,1.4518174589980242,1.941436353561121E-11,0.009394867824069631
8.956521739130435E-7,8.0E-6,1.449402956355635+8.459260002724313E-11i,3.347197346601942E14,8.956521739130435E-7,1.4518174589980242,2.5170471750341013E-11,0.007246402892827518
9.521739130434783E-7,1.0E-6,1.3212575239948272-3.038990812210315E-10i,3.148505266666666E14,9.521739130434783E-7,1.4510375382465317,5.726190566339871E-13,0.29962023503296803
9.521739130434783E-7,2.0E-6,1.4129631033276697-1.904651349523309E-10i,3.148505266666666E14,9.521739130434783E-7,1.4510375382465317,1.869808672402828E-12,0.09175711871768948
9.521739130434783E-7,3.0E-6,1.4331273657259191-5.206946034610966E-16i,3.148505266666666E14,9.521739130434783E-7,1.4510375382465317,3.903288672951506E-12,0.043954795739793134
9.521739130434783E-7,4.0E-6,1.4406569624873207-6.822826990506994E-14i,3.148505266666666E14,9.521739130434783E-7,1.4510375382465317,6.6824829792954E-12,0.025674327471481535
9.521739130434783E-7,4.9999999999999996E-6,1.4442696154679746+1.8037629629444047E-12i,3.148505266666666E14,9.521739130434783E-7,1.4510375382465317,1.0206903675943755E-11,0.016809040408345778
9.521739130434783E-7,5.999999999999999E-6,1.4462753710582104-5.1321709052604903E-14i,3.148505266666666E14,9.521739130434783E-7,1.4510375382465317,1.4473744459692689E-11,0.011853757457914551
9.521739130434783E-7,7.0E-6,1.447506603200943-1.774315909821897E-12i,3.148505266666666E14,9.521739130434783E-7,1.4510375382465317,1.9490314578463893E-11,0.008802744339622331
9.521739130434783E-7,8.0E-6,1.448315379076922-9.766123552290509E-12i,3.148505266666666E14,9.521739130434783E-7,1.4510375382465317,2.5255406440114657E-11,0.0067933278658513134
1.008695652173913E-6,1.0E-6,1.307457198468795-3.663345467059124E-10i,2.972080402586207E14,1.008695652173913E-6,1.4503095124746623,5.848073457715647E-13,0.2769365313254356
1.008695652173913E-6,2.0E-6,1.4079858735790327-1.3941612383098728E-10i,2.972080402586207E14,1.008695652173913E-6,1.4503095124746623,1.8949429807862545E-12,0.08546669713745857
1.008695652173913E-6,3.0E-6,1.4303425285646014,2.972080402586207E14,1.008695652173913E-6,1.4503095124746623,3.9391778615945625E-12,0.04111378656206533
1.008695652173913E-6,4.0E-6,1.438718927828912-1.8477054590742384E-15i,2.972080402586207E14,1.008695652173913E-6,1.4503095124746623,6.728689397454207E-12,0.02406925156820095
1.008695652173913E-6,4.9999999999999996E-6,1.4427452720587528-1.2942112708500466E-11i,2.972080402586207E14,1.008695652173913E-6,1.4503095124746623,1.026327779677179E-11,0.015779999434737402
1.008695652173913E-6,5.999999999999999E-6,1.4449834889110682-8.633563090580604E-10i,2.972080402586207E14,1.008695652173913E-6,1.4503095124746623,1.4540418112715848E-11,0.011138229765895092
1.008695652173913E-6,7.0E-6,1.4463584569690857-1.8402638570492258E-12i,2.972080402586207E14,1.008695652173913E-6,1.4503095124746623,1.9566827253245368E-11,0.008276994309578211
1.008695652173913E-6,8.0E-6,1.4472621954255749-5.103441556273643E-12i,2.972080402586207E14,1.008695652173913E-6,1.4503095124746623,2.5341165547422343E-11,0.006390965621866808
1.065217391304348E-6,1.0E-6,1.2934202719011607,2.814378177142857E14,1.065217391304348E-6,1.4496178519565937,5.967152607224482E-13,0.25700869895322676
1.065217391304348E-6,2.0E-6,1.4028641108095303-1.0231793664911736E-10i,2.814378177142857E14,1.065217391304348E-6,1.4496178519565937,1.920254015576532E-12,0.07986496138520882
1.065217391304348E-6,3.0E-6,1.4274967943653227,2.814378177142857E14,1.065217391304348E-6,1.4496178519565937,3.9753620859487776E-12,0.03857787277940749
1.065217391304348E-6,4.0E-6,1.436757185288148+2.6881870168360325E-15i,2.814378177142857E14,1.065217391304348E-6,1.4496178519565937,6.775248421450454E-12,0.022635481869309845
1.065217391304348E-6,4.9999999999999996E-6,1.441216580896497-8.20990318810446E-12i,2.814378177142857E14,1.065217391304348E-6,1.4496178519565937,1.0320043215464568E-11,0.014860501027166309
1.065217391304348E-6,5.999999999999999E-6,1.4436985945501928-1.2969272608783777E-10i,2.814378177142857E14,1.065217391304348E-6,1.4496178519565937,1.460755498769547E-11,0.010498746226387239
1.065217391304348E-6,7.0E-6,1.4452244660395337-1.326361047425578E-13i,2.814378177142857E14,1.065217391304348E-6,1.4496178519565937,1.9643874312869518E-11,0.007807065467902059
1.065217391304348E-6,8.0E-6,1.446228003673229-1.252889561276402E-12i,2.814378177142857E14,1.065217391304348E-6,1.4496178519565937,2.5427677585380798E-11,0.006031263071071193
1.1217391304347827E-6,1.0E-6,1.2791960258062576-3.4392224428701535E-16i,2.6725684240310075E14,1.1217391304347827E-6,1.448950849646119,6.082967050875561E-13,0.23941198216688445
1.1217391304347827E-6,2.0E-6,1.3975921118688235-7.994498322057389E-11i,2.6725684240310075E14,1.1217391304347827E-6,1.448950849646119,1.9457244043166715E-12,0.07484796900707133
1.1217391304347827E-6,3.0E-6,1.424580394220645+6.430898757237301E-10i,2.6725684240310075E14,1.1217391304347827E-6,1.448950849646119,4.0118388162705725E-12,0.03630093993805521
1.1217391304347827E-6,4.0E-6,1.4347609104310999+2.2001803358961848E-15i,2.6725684240310075E14,1.1217391304347827E-6,1.448950849646119,6.822162580630098E-12,0.02134711950783585
1.1217391304347827E-6,4.9999999999999996E-6,1.4396723106074316-3.497696453798414E-12i,2.6725684240310075E14,1.1217391304347827E-6,1.448950849646119,1.0377204712115526E-11,0.01403398351972063
1.1217391304347827E-6,5.999999999999999E-6,1.442409264493616+2.64491478938208E-10i,2.6725684240310075E14,1.1217391304347827E-6,1.448950849646119,1.4675144222323123E-11,0.009923822056144829
1.1217391304347827E-6,7.0E-6,1.444093106368398+1.355480056356126E-13i,2.6725684240310075E14,1.1217391304347827E-6,1.448950849646119,1.9721438731548563E-11,0.007384528172258818
1.1217391304347827E-6,8.0E-6,1.4452012216190209-3.529508954075613E-14i,2.6725684240310075E14,1.1217391304347827E-6,1.448950849646119,2.551488875843332E-11,0.005707785806530744
1.1782608695652175E-6,1.0E-6,1.2648393923630754-1.1516677189247337E-15i,2.5443640346863466E14,1.1782608695652175E-6,1.4482995263145464,6.195090477765715E-13,0.22380207455725643
1.1782608695652175E-6,2.0E-6,1.392166901477477-7.645075439020453E-11i,2.5443640346863466E14,1.1782608695652175E-6,1.4482995263145464,1.9713353708787274E-12,0.07033172140445326
1.1782608695652175E-6,3.0E-6,1.4215862629114473+2.783348468821896E-10i,2.5443640346863466E14,1.1782608695652175E-6,1.4482995263145464,4.048603940082868E-12,0.03424573313450594
1.1782608695652175E-6,4.0E-6,1.43272199197426+1.2169812867821538E-15i,2.5443640346863466E14,1.1782608695652175E-6,1.4482995263145464,6.869433996832692E-12,0.020183236371921428
1.1782608695652175E-6,4.9999999999999996E-6,1.4381039493168175-1.3205114660065063E-12i,2.5443640346863466E14,1.1782608695652175E-6,1.4482995263145464,1.0434767493606562E-11,0.013287062714558538
1.1782608695652175E-6,5.999999999999999E-6,1.4411067980108359+2.8169112921552254E-10i,2.5443640346863466E14,1.1782608695652175E-6,1.4482995263145464,1.4743181281375124E-11,0.009404171830576263
1.1782608695652175E-6,7.0E-6,1.442955578074422+8.739104395849125E-14i,2.5443640346863466E14,1.1782608695652175E-6,1.4482995263145464,1.9799510835034967E-11,0.007002567450002475
1.1782608695652175E-6,8.0E-6,1.4441729919184987+2.1055887822113142E-13i,2.5443640346863466E14,1.1782608695652175E-6,1.4482995263145464,2.5602760509645806E-11,0.005415330508878211
1.2347826086956523E-6,1.0E-6,1.2504100723620635-2.893361075050433E-15i,2.427896666901408E14,1.2347826086956523E-6,1.4476568844244275,6.303141656466749E-13,0.2098967164824281
1.2347826086956523E-6,2.0E-6,1.3865875094124989-6.663138944320759E-11i,2.427896666901408E14,1.2347826086956523E-6,1.4476568844244275,1.997066870022551E-12,0.06624759326166399
1.2347826086956523E-6,3.0E-6,1.4185092912785233-1.7798114151572982E-11i,2.427896666901408E14,1.2347826086956523E-6,1.4476568844244275,4.08565275543977E-12,0.03238182039465999
1.2347826086956523E-6,4.0E-6,1.4306342871088724+6.838617815559213E-16i,2.427896666901408E14,1.2347826086956523E-6,1.4476568844244275,6.9170643003872196E-12,0.01912673758348496
1.2347826086956523E-6,4.9999999999999996E-6,1.4365049591610943-5.339389231581783E-13i,2.427896666901408E14,1.2347826086956523E-6,1.4476568844244275,1.049273687175113E-11,0.012608805056170123
1.2347826086956523E-6,5.999999999999999E-6,1.4397844708336307+1.2877232776610673E-10i,2.427896666901408E14,1.2347826086956523E-6,1.4476568844244275,1.4811665378878257E-11,0.008932207846813912
1.2347826086956523E-6,7.0E-6,1.4418050608296846-1.2823785609423474E-9i,2.427896666901408E14,1.2347826086956523E-6,1.4476568844244275,1.9878087120614783E-11,0.006655613939049211
1.2347826086956523E-6,8.0E-6,1.4431364362425385+2.457488551925158E-13i,2.427896666901408E14,1.2347826086956523E-6,1.4476568844244275,2.5691264769169868E-11,0.005149644243297922
1.2913043478260871E-6,1.0E-6,1.235971702233789-1.1358428582815377E-14i,2.3216250956228953E14,1.2913043478260871E-6,1.4470173890988547,6.40679313904434E-13,0.19746216811029044
1.2913043478260871E-6,2.0E-6,1.380854474396318-8.91628472851189E-11i,2.3216250956228953E14,1.2913043478260871E-6,1.4470173890988547,2.0228977016236744E-12,0.0625389639255806
1.2913043478260871E-6,3.0E-6,1.4153458165928035-1.3974826501669122E-10i,2.3216250956228953E14,1.2913043478260871E-6,1.4470173890988547,4.122979257201226E-12,0.030684104501864692
1.2913043478260871E-6,4.0E-6,1.4284931038946032+2.6274397257458377E-16i,2.3216250956228953E14,1.2913043478260871E-6,1.4470173890988547,6.965054595752133E-12,0.01816352257513374
1.2913043478260871E-6,4.9999999999999996E-6,1.4348702578612458-2.3578772589232946E-13i,2.3216250956228953E14,1.2913043478260871E-6,1.4470173890988547,1.0551118068038994E-11,0.011990191520100741
1.2913043478260871E-6,5.999999999999999E-6,1.4384370165914293+4.248875222624461E-11i,2.3216250956228953E14,1.2913043478260871E-6,1.4470173890988547,1.4880598332445763E-11,0.00850166932542892
1.2913043478260871E-6,7.0E-6,1.4406361897333357-7.080983819139282E-10i,2.3216250956228953E14,1.2913043478260871E-6,1.4470173890988547,1.9957165119370935E-11,0.006339072991092763
1.2913043478260871E-6,8.0E-6,1.4420861364077007-3.23395409195915E-14i,2.3216250956228953E14,1.2913043478260871E-6,1.4470173890988547,2.5780382285049946E-11,0.004907216851487342
1.3478260869565217E-6,1.0E-6,1.2215909761461012-7.326147716468972E-15i,2.2242666238709678E14,1.3478260869565217E-6,1.4463766003457135,6.505778442684109E-13,0.18630310342917006
1.3478260869565217E-6,2.0E-6,1.3749694988346166-1.424639049812208E-10i,2.2242666238709678E14,1.3478260869565217E-6,1.4463766003457135,2.048805599445846E-12,0.059158697849248015
1.3478260869565217E-6,3.0E-6,1.412093257460149-1.2769060866715866E-10i,2.2242666238709678E14,1.3478260869565217E-6,1.4463766003457135,4.160576612188193E-12,0.029131700412486448
1.3478260869565217E-6,4.0E-6,1.426294836648638+1.9608446785096995E-9i,2.2242666238709678E14,1.3478260869565217E-6,1.4463766003457135,7.013403827712475E-12,0.01728186118850609
1.3478260869565217E-6,4.9999999999999996E-6,1.4331958515405323-1.0845721129070109E-13i,2.2242666238709678E14,1.3478260869565217E-6,1.4463766003457135,1.0609916103177467E-11,0.011423716288686369
1.3478260869565217E-6,5.999999999999999E-6,1.4370602596069468+1.175852358993549E-11i,2.2242666238709678E14,1.3478260869565217E-6,1.4463766003457135,1.4949983704615905E-11,0.00810734471717461
1.3478260869565217E-6,7.0E-6,1.439444695654197+4.4432317099998086E-11i,2.2242666238709678E14,1.3478260869565217E-6,1.4463766003457135,2.0036747856667665E-11,0.00604911896264297
1.3478260869565217E-6,8.0E-6,1.4410177666330466+5.807201393585001E-10i,2.2242666238709678E14,1.3478260869565217E-6,1.4463766003457135,2.5870099333595048E-11,0.004685125860806697
1.4043478260869567E-6,1.0E-6,1.2073366622986916-7.299512123051459E-13i,2.134745056965944E14,1.4043478260869567E-6,1.445730908081536,6.599897159208256E-13,0.17625496581856395
1.4043478260869567E-6,2.0E-6,1.3689352058959539-9.459295962860415E-11i,2.134745056965944E14,1.4043478260869567E-6,1.445730908081536,2.074767314449978E-12,0.056067234147202216
1.4043478260869567E-6,3.0E-6,1.4087498532064904-8.880795025102641E-11i,2.134745056965944E14,1.4043478260869567E-6,1.445730908081536,4.198437191457899E-12,0.027707087069661438
1.4043478260869567E-6,4.0E-6,1.4240366946816594+1.304638621067539E-9i,2.134745056965944E14,1.4043478260869567E-6,1.445730908081536,7.062115914440269E-12,0.016471899672783646
1.4043478260869567E-6,4.9999999999999996E-6,1.4314785703354844-4.999440781551282E-14i,2.134745056965944E14,1.4043478260869567E-6,1.445730908081536,1.0669135739628217E-11,0.010903082279491405
1.4043478260869567E-6,5.999999999999999E-6,1.4356508502143301+2.825641639987543E-12i,2.134745056965944E14,1.4043478260869567E-6,1.445730908081536,1.5019826436426226E-11,0.007744860788678144
1.4043478260869567E-6,7.0E-6,1.4382271361418466+2.8337271461892417E-10i,2.134745056965944E14,1.4043478260869567E-6,1.445730908081536,2.011683967653514E-11,0.005782541725771935
1.4043478260869567E-6,8.0E-6,1.439927829515236+3.551797318699281E-10i,2.134745056965944E14,1.4043478260869567E-6,1.445730908081536,2.5960412520659236E-11,0.004480917424854344
1.4608695652173913E-6,1.0E-6,1.1932784819529534-8.549964420566306E-12i,2.0521507541666666E14,1.4608695652173913E-6,1.4450773383088176,6.689017635641159E-13,0.16717811881215167
1.4608695652173913E-6,2.0E-6,1.362754967056112-7.981094240574524E-12i,2.0521507541666666E14,1.4608695652173913E-6,1.4450773383088176,2.100758720292979E-12,0.053231119510566145
1.4608695652173913E-6,3.0E-6,1.405314474548925-6.119667311766484E-11i,2.0521507541666666E14,1.4608695652173913E-6,1.4450773383088176,4.236552586131214E-12,0.026395456265278634
1.4608695652173913E-6,4.0E-6,1.421716522640379+9.121274644633365E-10i,2.0521507541666666E14,1.4608695652173913E-6,1.4450773383088176,7.111187898395549E-12,0.01572532467156578
1.4608695652173913E-6,4.9999999999999996E-6,1.4297158751565626-2.2491840437717706E-14i,2.0521507541666666E14,1.4608695652173913E-6,1.4450773383088176,1.0728781456754338E-11,0.01042296731959055
1.4608695652173913E-6,5.999999999999999E-6,1.4342060712368632+5.22999290818673E-13i,2.0521507541666666E14,1.4608695652173913E-6,1.4450773383088176,1.509013244265646E-11,0.0074105206781799335
1.4608695652173913E-6,7.0E-6,1.4369807016545642+1.9830239938210802E-10i,2.0521507541666666E14,1.4608695652173913E-6,1.4450773383088176,2.01974462468581E-11,0.0055366276080658005
1.4608695652173913E-6,8.0E-6,1.4388134605925713+1.980376616034872E-10i,2.0521507541666666E14,1.4608695652173913E-6,1.4450773383088176,2.6051316656898627E-11,0.004292517724748744
1.5173913043478261E-6,1.0E-6,1.1794858466783413-6.196760217102619E-11i,1.9757096085959884E14,1.5173913043478261E-6,1.4444134093643268,6.773077009872506E-13,0.15895332312185645
1.5173913043478261E-6,2.0E-6,1.3564327795728002+5.161354324375846E-11i,1.9757096085959884E14,1.5173913043478261E-6,1.4444134093643268,2.126754885877412E-12,0.0506218702319012
1.5173913043478261E-6,3.0E-6,1.4017864842101766-4.9339753879383574E-11i,1.9757096085959884E14,1.5173913043478261E-6,1.4444134093643268,4.274913659784589E-12,0.025184206843927966
1.5173913043478261E-6,4.0E-6,1.4193326484243312+6.20370116438751E-10i,1.9757096085959884E14,1.5173913043478261E-6,1.4444134093643268,7.160619027320626E-12,0.015035056248235111
1.5173913043478261E-6,4.9999999999999996E-6,1.4279057145185843-9.67987053064637E-15i,1.9757096085959884E14,1.5173913043478261E-6,1.4444134093643268,1.0788857445880251E-11,0.009978842559372078
1.5173913043478261E-6,5.999999999999999E-6,1.4327236945480777+1.74964937408335E-15i,1.9757096085959884E14,1.5173913043478261E-6,1.4444134093643268,1.5160908305026916E-11,0.007101178087875592
1.5173913043478261E-6,7.0E-6,1.435703072081733+8.357481527598564E-11i,1.9757096085959884E14,1.5173913043478261E-6,1.4444134093643268,2.0278573932464365E-11,0.005309067107307419
1.5173913043478261E-6,8.0E-6,1.4376722864824971+8.72704505288253E-11i,1.9757096085959884E14,1.5173913043478261E-6,1.4444134093643268,2.6142812604476635E-11,0.004118160944530992
1.573913043478261E-6,1.0E-6,1.1660264752920535-3.1533572574883E-10i,1.9047587110497238E14,1.573913043478261E-6,1.4437370239376948,6.85207856955428E-13,0.15147820412929244
1.573913043478261E-6,2.0E-6,1.349973179067557+3.135391892930218E-11i,1.9047587110497238E14,1.573913043478261E-6,1.4437370239376948,2.1527301661700226E-12,0.048215079278399305
1.573913043478261E-6,3.0E-6,1.3981656332731114-4.5060154062056494E-11i,1.9047587110497238E14,1.573913043478261E-6,1.4437370239376948,4.313510594249065E-12,0.024062547977805243
1.573913043478261E-6,4.0E-6,1.4168837796363172+4.1045634078936153E-10i,1.9047587110497238E14,1.573913043478261E-6,1.4437370239376948,7.210407954933944E-12,0.014395032330433545
1.573913043478261E-6,4.9999999999999996E-6,1.4260464171425975-3.995396087767547E-15i,1.9047587110497238E14,1.573913043478261E-6,1.4437370239376948,1.0849367617283648E-11,0.009566830002288761
1.573913043478261E-6,5.999999999999999E-6,1.4312018733972682-8.376532104054228E-14i,1.9047587110497238E14,1.573913043478261E-6,1.4437370239376948,1.5232161056147096E-11,0.00681413853518849
1.573913043478261E-6,7.0E-6,1.4343923098138742+3.1551120853521026E-11i,1.9047587110497238E14,1.573913043478261E-6,1.4437370239376948,2.0360230127955546E-11,0.005097882242714695
1.573913043478261E-6,8.0E-6,1.4365023164439292+3.3964962679058026E-11i,1.9047587110497238E14,1.573913043478261E-6,1.4437370239376948,2.623490396555319E-11,0.003956334498619566
1.6304347826086957E-6,1.0E-6,1.152964936367044-9.831863582827082E-10i,1.838727075733333E14,1.6304347826086957E-6,1.4430463869986747,6.926086939943666E-13,0.14466445854245283
1.6304347826086957E-6,2.0E-6,1.3433811776011524+1.5310416501446387E-12i,1.838727075733333E14,1.6304347826086957E-6,1.4430463869986747,2.1786582882219503E-12,0.04598970946483876
1.6304347826086957E-6,3.0E-6,1.3944519834429423-3.356208606677528E-11i,1.838727075733333E14,1.6304347826086957E-6,1.4430463869986747,4.352332923764792E-12,0.023021185064082933
1.6304347826086957E-6,4.0E-6,1.414368922752662+2.8377406561318243E-10i,1.838727075733333E14,1.6304347826086957E-6,1.4430463869986747,7.260552886399499E-12,0.013800031935057975
1.6304347826086957E-6,4.9999999999999996E-6,1.424136610469822-1.73078125349605E-15i,1.838727075733333E14,1.6304347826086957E-6,1.4430463869986747,1.0910315614026733E-11,0.009183589663499256
1.6304347826086957E-6,5.999999999999999E-6,1.4296390606376141-7.564858468112088E-14i,1.838727075733333E14,1.6304347826086957E-6,1.4430463869986747,1.5303898027891564E-11,0.006547081110700171
1.6304347826086957E-6,7.0E-6,1.433046777437419+1.100108503443511E-11i,1.838727075733333E14,1.6304347826086957E-6,1.4430463869986747,2.0442422857855958E-11,0.004901369196557124
1.6304347826086957E-6,8.0E-6,1.4353018601660457-1.450991130494894E-11i,1.838727075733333E14,1.6304347826086957E-6,1.4430463869986747,2.6327596389132685E-11,0.003805735252757391
1.6869565217391305E-6,1.0E-6,1.1403611928925521-7.752396990293065E-14i,1.7771202407216494E14,1.6869565217391305E-6,1.4423399427291226,6.995219530574026E-13,0.13843566086071152
1.6869565217391305E-6,2.0E-6,1.3366622198557125-4.553835348776334E-11i,1.7771202407216494E14,1.6869565217391305E-6,1.4423399427291226,2.2045124763426984E-12,0.043927528148415544
1.6869565217391305E-6,3.0E-6,1.3906458483708066-1.1571771331396639E-11i,1.7771202407216494E14,1.6869565217391305E-6,1.4423399427291226,4.391369551251197E-12,0.022052068888277834
1.6869565217391305E-6,4.0E-6,1.4117873214468135+2.220114422287561E-10i,1.7771202407216494E14,1.6869565217391305E-6,1.4423399427291226,7.311051619170287E-12,0.01324553414506833
1.6869565217391305E-6,4.9999999999999996E-6,1.4221751581857733-5.165536975928894E-16i,1.7771202407216494E14,1.6869565217391305E-6,1.4423399427291226,1.0971704829367919E-11,0.00882622941139185
1.6869565217391305E-6,5.999999999999999E-6,1.4280339459557947-5.534522929759544E-14i,1.7771202407216494E14,1.6869565217391305E-6,1.4423399427291226,1.5376126745431156E-11,0.006297995942759231
1.6869565217391305E-6,7.0E-6,1.4316650748565223+3.2580882553728722E-12i,1.7771202407216494E14,1.6869565217391305E-6,1.4423399427291226,2.0525160874564523E-11,0.004718052367525316
1.6869565217391305E-6,8.0E-6,1.4340694650093855-2.6429886589457556E-11i,1.7771202407216494E14,1.6869565217391305E-6,1.4423399427291226,2.6420897216493838E-11,0.0036652344946720185
1.7434782608695653E-6,1.0E-6,1.128267597446717+7.101651991879287E-9i,1.7195078638403988E14,1.7434782608695653E-6,1.4416163255586436,7.062945384432312E-13,0.13266331086047972
1.7434782608695653E-6,2.0E-6,1.3298221530370724-5.4507286203313884E-11i,1.7195078638403988E14,1.7434782608695653E-6,1.4416163255586436,2.2302655559189343E-12,0.04201265255784598
1.7434782608695653E-6,3.0E-6,1.3867477491280742+6.924366257740017E-12i,1.7195078638403988E14,1.7434782608695653E-6,1.4416163255586436,4.430608761377386E-12,0.02114819361378778
1.7434782608695653E-6,4.0E-6,1.4091384090693901+1.9394225430567405E-10i,1.7195078638403988E14,1.7434782608695653E-6,1.4416163255586436,7.361901554290019E-12,0.012727604576286645
1.7434782608695653E-6,4.9999999999999996E-6,1.4201611118555437,1.7195078638403988E14,1.7434782608695653E-6,1.4416163255586436,1.1033538425678675E-11,0.008492232346287402
1.7434782608695653E-6,5.999999999999999E-6,1.4263854072047342-3.853561038051445E-14i,1.7195078638403988E14,1.7434782608695653E-6,1.4416163255586436,1.544885485439779E-11,0.006065133810606049
1.7434782608695653E-6,7.0E-6,1.4302459905025702+6.715286956002695E-13i,1.7195078638403988E14,1.7434782608695653E-6,1.4416163255586436,2.0608453999844852E-11,0.0045466473085879625
1.7434782608695653E-6,8.0E-6,1.432803867143025-1.8853590407370276E-11i,1.7195078638403988E14,1.7434782608695653E-6,1.4416163255586436,2.6514815340842865E-11,0.0035338496877336673
1.8000000000000001E-6,1.0E-6,1.1167341406438267+5.185098299988114E-9i,1.6655136555555553E14,1.8000000000000001E-6,1.4408743217797049,7.122019445369986E-13,0.1274317232631346
1.8000000000000001E-6,2.0E-6,1.3228672057627484-4.310718140024623E-11i,1.6655136555555553E14,1.8000000000000001E-6,1.4408743217797049,2.255890022534642E-12,0.04023118157228848
1.8000000000000001E-6,3.0E-6,1.3827583802595267+1.1458222369214003E-11i,1.6655136555555553E14,1.8000000000000001E-6,1.4408743217797049,4.4700382413437944E-12,0.020303432812785394
1.8000000000000001E-6,4.0E-6,1.4064217717223289+1.7632626490723426E-10i,1.6655136555555553E14,1.8000000000000001E-6,1.4408743217797049,7.41309971165863E-12,0.01224280323128135
1.8000000000000001E-6,4.9999999999999996E-6,1.418093673147989,1.6655136555555553E14,1.8000000000000001E-6,1.4408743217797049,1.1095819353564936E-11,0.008179397862542355
1.8000000000000001E-6,5.999999999999999E-6,1.4246924723175276-2.6350946908776058E-14i,1.6655136555555553E14,1.8000000000000001E-6,1.4408743217797049,1.5522090072426445E-11,0.005846965239876216
1.8000000000000001E-6,7.0E-6,1.4287884630929881-1.4508725857160153E-14i,1.6655136555555553E14,1.8000000000000001E-6,1.4408743217797049,2.069231362344666E-11,0.004386030617710499
1.8000000000000001E-6,8.0E-6,1.431503953246545-1.0085909847716993E-11i,1.6655136555555553E14,1.8000000000000001E-6,1.4408743217797049,2.6609360806837154E-11,0.0034107215788657915
